{
  "type": "split",
  "neverRecomputeExistingPartitions": false,
  "optionalDependencies": false,
  "customMeta": {
    "kv": {}
  },
  "redispatchPartitioning": false,
  "maxRunningActivities": 0,
  "variables": {},
  "dkuProperties": [],
  "inputs": {
    "main": {
      "items": [
        {
          "ref": "transformed_df",
          "deps": []
        }
      ]
    }
  },
  "outputs": {
    "main": {
      "items": [
        {
          "ref": "train_df",
          "appendMode": false
        },
        {
          "ref": "test_df",
          "appendMode": false
        }
      ]
    }
  },
  "labels": [],
  "versionTag": {
    "versionNumber": 2,
    "lastModifiedBy": {
      "login": "demoUser"
    },
    "lastModifiedOn": 1683629940076
  },
  "creationTag": {
    "versionNumber": 0,
    "lastModifiedBy": {
      "login": "demoUser"
    },
    "lastModifiedOn": 1683624693244
  },
  "tags": [],
  "customFields": {},
  "checklists": {
    "checklists": []
  }
}