{
  "type": "Teradata",
  "managed": false,
  "featureGroup": false,
  "checklists": {
    "checklists": []
  },
  "checks": [],
  "customMeta": {
    "kv": {}
  },
  "flowOptions": {
    "virtualizable": false,
    "rebuildBehavior": "NORMAL",
    "crossProjectBuildBehavior": "DEFAULT"
  },
  "readWriteOptions": {
    "preserveOrder": false,
    "writeBuckets": 1,
    "forceSingleOutputFile": false,
    "defaultReadOrdering": {
      "enabled": false,
      "rules": []
    }
  },
  "partitioning": {
    "ignoreNonMatchingFile": false,
    "considerMissingRequestedPartitionsAsEmpty": false,
    "dimensions": []
  },
  "versionTag": {
    "versionNumber": 0,
    "lastModifiedBy": {
      "login": "demoUser"
    },
    "lastModifiedOn": 1683543631506
  },
  "creationTag": {
    "versionNumber": 0,
    "lastModifiedBy": {
      "login": "demoUser"
    },
    "lastModifiedOn": 1683543631506
  },
  "tags": [],
  "params": {
    "assumedDbTzForUnknownTz": "GMT",
    "primaryIndexBehavior": "AUTO",
    "primaryIndexIsUnique": false,
    "primaryIndexColumns": [],
    "connection": "ClearScape",
    "notReadyIfEmpty": false,
    "mode": "table",
    "partitioningType": "custom",
    "normalizeDoubles": true,
    "table": "consumption",
    "schema": "DEMO_Energy_db",
    "tableCreationMode": "auto",
    "writeInsertBatchSize": 10000,
    "writeJDBCBadDataBehavior": "DISCARD_ROW",
    "readColsWithUnknownTzAsDates": false,
    "readSQLDateColsAsDSSDates": true,
    "assumedTzForUnknownTz": "GMT",
    "sparkJdbcAccess": "NONE",
    "numPartitions": -1
  },
  "schema": {
    "columns": [
      {"name":"TD_TIMECODE","type":"string","originalType":"TIMESTAMP","maxLength":500},
      {"name":"consumption","type":"float","originalType":"FLOAT"},
      {"name":"y","type":"bigint","originalType":"BIGINT"},
      {"name":"m","type":"bigint","originalType":"BIGINT"},
      {"name":"d","type":"bigint","originalType":"BIGINT"},
      {"name":"h","type":"bigint","originalType":"BIGINT"},
      {"name":"weekday","type":"bigint","originalType":"BIGINT"},
      {"name":"nasa_temp","type":"float","originalType":"FLOAT"},
      {"name":"cap_air_temperature","type":"float","originalType":"FLOAT"},
      {"name":"cap_cloud_area_fraction","type":"float","originalType":"FLOAT"},
      {"name":"cap_precipitation_amount","type":"float","originalType":"FLOAT"},
      {"name":"is_dark","type":"bigint","originalType":"BIGINT"},
      {"name":"is_light","type":"bigint","originalType":"BIGINT"},
      {"name":"is_from_light_to_dark","type":"bigint","originalType":"BIGINT"},
      {"name":"is_from_dark_to_light","type":"bigint","originalType":"BIGINT"},
      {"name":"is_holiday","type":"bigint","originalType":"BIGINT"},
      {"name":"is_pre_holiday","type":"bigint","originalType":"BIGINT"}
    ],
    "userModified": true
  },
  "dkuProperties": [],
  "metrics": {
    "probes": [
      {
        "type": "basic",
        "enabled": true,
        "computeOnBuildMode": "PARTITION",
        "meta": {
          "name": "Basic data",
          "level": 0
        },
        "configuration": {}
      },
      {
        "type": "records",
        "enabled": true,
        "computeOnBuildMode": "NO",
        "meta": {
          "name": "Record count",
          "level": 0
        },
        "configuration": {}
      }
    ],
    "engineConfig": {
      "padRunsWithMetrics": false,
      "hive": {
        "active": true,
        "extraConf": []
      },
      "basic": {},
      "dss": {
        "active": true,
        "selection": {
          "useMemTable": false,
          "filter": {
            "distinct": false,
            "enabled": false
          },
          "partitionSelectionMethod": "ALL",
          "latestPartitionsN": 1,
          "ordering": {
            "enabled": false,
            "rules": []
          },
          "samplingMethod": "FULL",
          "maxRecords": -1,
          "targetRatio": 0.02,
          "withinFirstN": -1,
          "maxReadUncompressedBytes": -1
        }
      },
      "sql": {
        "active": true
      },
      "impala": {
        "active": true
      },
      "spark": {
        "active": true,
        "extraConf": []
      },
      "python": {}
    },
    "displayedState": {
      "columns": [],
      "metrics": [
        "basic:COUNT_COLUMNS",
        "records:COUNT_RECORDS"
      ]
    }
  },
  "metricsChecks": {
    "runOnBuild": false,
    "checks": [],
    "displayedState": {
      "checks": []
    }
  },
  "customFields": {}
}