{
  "type": "Teradata",
  "managed": true,
  "featureGroup": false,
  "checklists": {
    "checklists": []
  },
  "checks": [],
  "customMeta": {
    "kv": {}
  },
  "flowOptions": {
    "virtualizable": false,
    "rebuildBehavior": "NORMAL",
    "crossProjectBuildBehavior": "DEFAULT"
  },
  "readWriteOptions": {
    "preserveOrder": false,
    "writeBuckets": 1,
    "forceSingleOutputFile": false,
    "defaultReadOrdering": {
      "enabled": false,
      "rules": []
    }
  },
  "partitioning": {
    "ignoreNonMatchingFile": false,
    "considerMissingRequestedPartitionsAsEmpty": false,
    "dimensions": []
  },
  "versionTag": {
    "versionNumber": 3,
    "lastModifiedBy": {
      "login": "demoUser"
    },
    "lastModifiedOn": 1683629801919
  },
  "creationTag": {
    "versionNumber": 0,
    "lastModifiedBy": {
      "login": "demoUser"
    },
    "lastModifiedOn": 1683543876505
  },
  "tags": [],
  "params": {
    "primaryIndexBehavior": "AUTO",
    "primaryIndexIsUnique": false,
    "primaryIndexColumns": [],
    "connection": "ClearScape",
    "notReadyIfEmpty": false,
    "mode": "table",
    "partitioningType": "custom",
    "normalizeDoubles": true,
    "table": "${projectKey}_transformed_df",
    "tableCreationMode": "auto",
    "writeInsertBatchSize": 10000,
    "writeJDBCBadDataBehavior": "DISCARD_ROW",
    "readColsWithUnknownTzAsDates": false,
    "readSQLDateColsAsDSSDates": true,
    "sparkJdbcAccess": "NONE",
    "numPartitions": -1
  },
  "schema": {
    "columns": [
      {"name":"TD_TIMECODE","type":"date"},
      {"name":"consumption","type":"double"},
      {"name":"is_dark","type":"bigint"},
      {"name":"is_light","type":"bigint"},
      {"name":"is_from_light_to_dark","type":"bigint"},
      {"name":"is_from_dark_to_light","type":"bigint"},
      {"name":"is_holiday","type":"bigint"},
      {"name":"is_pre_holiday","type":"bigint"},
      {"name":"monday","type":"bigint"},
      {"name":"tuesday","type":"bigint"},
      {"name":"wednesday","type":"bigint"},
      {"name":"thursday","type":"bigint"},
      {"name":"friday","type":"bigint"},
      {"name":"saturday","type":"bigint"},
      {"name":"sunday","type":"bigint"},
      {"name":"0_h","type":"bigint"},
      {"name":"1_h","type":"bigint"},
      {"name":"2_h","type":"bigint"},
      {"name":"3_h","type":"bigint"},
      {"name":"4_h","type":"bigint"},
      {"name":"5_h","type":"bigint"},
      {"name":"6_h","type":"bigint"},
      {"name":"7_h","type":"bigint"},
      {"name":"8_h","type":"bigint"},
      {"name":"9_h","type":"bigint"},
      {"name":"10_h","type":"bigint"},
      {"name":"11_h","type":"bigint"},
      {"name":"12_h","type":"bigint"},
      {"name":"13_h","type":"bigint"},
      {"name":"14_h","type":"bigint"},
      {"name":"15_h","type":"bigint"},
      {"name":"16_h","type":"bigint"},
      {"name":"17_h","type":"bigint"},
      {"name":"18_h","type":"bigint"},
      {"name":"19_h","type":"bigint"},
      {"name":"20_h","type":"bigint"},
      {"name":"21_h","type":"bigint"},
      {"name":"22_h","type":"bigint"},
      {"name":"23_h","type":"bigint"},
      {"name":"nasa_temp","type":"double"},
      {"name":"cap_air_temperature","type":"double"},
      {"name":"cap_cloud_area_fraction","type":"double"},
      {"name":"cap_precipitation_amount","type":"double"}
    ],
    "userModified": false
  },
  "dkuProperties": [],
  "metrics": {
    "probes": [
      {
        "type": "basic",
        "enabled": true,
        "computeOnBuildMode": "PARTITION",
        "meta": {
          "name": "Basic data",
          "level": 0
        },
        "configuration": {}
      },
      {
        "type": "records",
        "enabled": true,
        "computeOnBuildMode": "NO",
        "meta": {
          "name": "Record count",
          "level": 0
        },
        "configuration": {}
      }
    ],
    "engineConfig": {
      "padRunsWithMetrics": false,
      "hive": {
        "active": true,
        "extraConf": []
      },
      "basic": {},
      "dss": {
        "active": true,
        "selection": {
          "useMemTable": false,
          "filter": {
            "distinct": false,
            "enabled": false
          },
          "partitionSelectionMethod": "ALL",
          "latestPartitionsN": 1,
          "ordering": {
            "enabled": false,
            "rules": []
          },
          "samplingMethod": "FULL",
          "maxRecords": -1,
          "targetRatio": 0.02,
          "withinFirstN": -1,
          "maxReadUncompressedBytes": -1
        }
      },
      "sql": {
        "active": true
      },
      "impala": {
        "active": true
      },
      "spark": {
        "active": true,
        "extraConf": []
      },
      "python": {}
    },
    "displayedState": {
      "columns": [],
      "metrics": [
        "basic:COUNT_COLUMNS",
        "records:COUNT_RECORDS"
      ]
    }
  },
  "metricsChecks": {
    "runOnBuild": false,
    "checks": [],
    "displayedState": {
      "checks": []
    }
  },
  "customFields": {}
}