customer_id,first_name,last_name,email,valid_period
1,Michael,Perez,mperez0@chronoengine.com,"2025-09-02 10:15:40.600000-04:00,9999-12-31 23:59:59.999999+00:00"
2,Shawn,Mccoy,smccoy1@reddit.com,"2025-09-02 10:15:40.600000-04:00,9999-12-31 23:59:59.999999+00:00"
3,Kathleen,Payne,kpayne2@cargocollective.com,"2025-09-02 10:15:40.600000-04:00,9999-12-31 23:59:59.999999+00:00"
4,Jimmy,Cooper,jcooper3@cargocollective.com,"2025-09-02 10:15:40.600000-04:00,9999-12-31 23:59:59.999999+00:00"
5,Katherine,Rice,krice4@typepad.com,"2025-09-02 10:15:40.600000-04:00,9999-12-31 23:59:59.999999+00:00"
6,Sarah,Ryan,sryan5@gnu.org,"2025-09-02 10:15:40.600000-04:00,9999-12-31 23:59:59.999999+00:00"
7,Martin,Mcdonald,mmcdonald6@opera.com,"2025-09-02 10:15:40.600000-04:00,9999-12-31 23:59:59.999999+00:00"
8,Frank,Robinson,frobinson7@wunderground.com,"2025-09-02 10:15:40.600000-04:00,9999-12-31 23:59:59.999999+00:00"
9,Jennifer,Franklin,jfranklin8@mail.ru,"2025-09-02 10:15:40.600000-04:00,9999-12-31 23:59:59.999999+00:00"
10,Henry,Welch,hwelch9@list-manage.com,"2025-09-02 10:15:40.600000-04:00,9999-12-31 23:59:59.999999+00:00"
11,Fred,Snyder,fsnydera@reddit.com,"2025-09-02 10:15:40.600000-04:00,9999-12-31 23:59:59.999999+00:00"
12,Amy,Dunn,adunnb@nba.com,"2025-09-02 10:15:40.600000-04:00,9999-12-31 23:59:59.999999+00:00"
13,Kathleen,Meyer,kmeyerc@cdc.gov,"2025-09-02 10:15:40.600000-04:00,9999-12-31 23:59:59.999999+00:00"
14,Steve,Ferguson,sfergusond@reverbnation.com,"2025-09-02 10:15:40.600000-04:00,9999-12-31 23:59:59.999999+00:00"
15,Teresa,Hill,thille@dion.ne.jp,"2025-09-02 10:15:40.600000-04:00,9999-12-31 23:59:59.999999+00:00"
16,Amanda,Harper,aharperf@mail.ru,"2025-09-02 10:15:40.600000-04:00,9999-12-31 23:59:59.999999+00:00"
17,Kimberly,Ray,krayg@xing.com,"2025-09-02 10:15:40.600000-04:00,9999-12-31 23:59:59.999999+00:00"
18,Johnny,Knight,jknighth@jalbum.net,"2025-09-02 10:15:40.600000-04:00,9999-12-31 23:59:59.999999+00:00"
19,Virginia,Freeman,vfreemani@tiny.cc,"2025-09-02 10:15:40.600000-04:00,9999-12-31 23:59:59.999999+00:00"
20,Anna,Austin,aaustinj@diigo.com,"2025-09-02 10:15:40.600000-04:00,9999-12-31 23:59:59.999999+00:00"
21,Willie,Hill,whillk@mail.ru,"2025-09-02 10:15:40.600000-04:00,9999-12-31 23:59:59.999999+00:00"
22,Sean,Harris,sharrisl@zdnet.com,"2025-09-02 10:15:40.600000-04:00,9999-12-31 23:59:59.999999+00:00"
23,Mildred,Adams,madamsm@usatoday.com,"2025-09-02 10:15:40.600000-04:00,9999-12-31 23:59:59.999999+00:00"
24,David,Graham,dgrahamn@zimbio.com,"2025-09-02 10:15:40.600000-04:00,9999-12-31 23:59:59.999999+00:00"
25,Victor,Hunter,vhuntero@ehow.com,"2025-09-02 10:15:40.600000-04:00,9999-12-31 23:59:59.999999+00:00"
26,Aaron,Ruiz,aruizp@weebly.com,"2025-09-02 10:15:40.600000-04:00,9999-12-31 23:59:59.999999+00:00"
27,Benjamin,Brooks,bbrooksq@jalbum.net,"2025-09-02 10:15:40.600000-04:00,9999-12-31 23:59:59.999999+00:00"
28,Lisa,Wilson,lwilsonr@japanpost.jp,"2025-09-02 10:15:40.600000-04:00,9999-12-31 23:59:59.999999+00:00"
29,Benjamin,King,bkings@comsenz.com,"2025-09-02 10:15:40.600000-04:00,9999-12-31 23:59:59.999999+00:00"
30,Christina,Williamson,cwilliamsont@boston.com,"2025-09-02 10:15:40.600000-04:00,9999-12-31 23:59:59.999999+00:00"
31,Jane,Gonzalez,jgonzalezu@networksolutions.com,"2025-09-02 10:15:40.600000-04:00,9999-12-31 23:59:59.999999+00:00"
32,Thomas,Owens,towensv@psu.edu,"2025-09-02 10:15:40.600000-04:00,9999-12-31 23:59:59.999999+00:00"
33,Katherine,Moore,kmoorew@naver.com,"2025-09-02 10:15:40.600000-04:00,9999-12-31 23:59:59.999999+00:00"
34,Jennifer,Stewart,jstewartx@yahoo.com,"2025-09-02 10:15:40.600000-04:00,9999-12-31 23:59:59.999999+00:00"
35,Sara,Tucker,stuckery@topsy.com,"2025-09-02 10:15:40.600000-04:00,9999-12-31 23:59:59.999999+00:00"
36,Harold,Ortiz,hortizz@vkontakte.ru,"2025-09-02 10:15:40.600000-04:00,9999-12-31 23:59:59.999999+00:00"
37,Shirley,James,sjames10@yelp.com,"2025-09-02 10:15:40.600000-04:00,9999-12-31 23:59:59.999999+00:00"
38,Dennis,Johnson,djohnson11@slate.com,"2025-09-02 10:15:40.600000-04:00,9999-12-31 23:59:59.999999+00:00"
39,Louise,Weaver,lweaver12@china.com.cn,"2025-09-02 10:15:40.600000-04:00,9999-12-31 23:59:59.999999+00:00"
40,Maria,Armstrong,marmstrong13@prweb.com,"2025-09-02 10:15:40.600000-04:00,9999-12-31 23:59:59.999999+00:00"
41,Gloria,Cruz,gcruz14@odnoklassniki.ru,"2025-09-02 10:15:40.600000-04:00,9999-12-31 23:59:59.999999+00:00"
42,Diana,Spencer,dspencer15@ifeng.com,"2025-09-02 10:15:40.600000-04:00,9999-12-31 23:59:59.999999+00:00"
43,Kelly,Nguyen,knguyen16@altervista.org,"2025-09-02 10:15:40.600000-04:00,9999-12-31 23:59:59.999999+00:00"
44,Jane,Rodriguez,jrodriguez17@biblegateway.com,"2025-09-02 10:15:40.600000-04:00,9999-12-31 23:59:59.999999+00:00"
45,Scott,Brown,sbrown18@geocities.jp,"2025-09-02 10:15:40.600000-04:00,9999-12-31 23:59:59.999999+00:00"
46,Norma,Cruz,ncruz19@si.edu,"2025-09-02 10:15:40.600000-04:00,9999-12-31 23:59:59.999999+00:00"
47,Marie,Peters,mpeters1a@mlb.com,"2025-09-02 10:15:40.600000-04:00,9999-12-31 23:59:59.999999+00:00"
48,Lillian,Carr,lcarr1b@typepad.com,"2025-09-02 10:15:40.600000-04:00,9999-12-31 23:59:59.999999+00:00"
49,Judy,Nichols,jnichols1c@t-online.de,"2025-09-02 10:15:40.600000-04:00,9999-12-31 23:59:59.999999+00:00"
50,Billy,Long,blong1d@yahoo.com,"2025-09-02 10:15:40.600000-04:00,9999-12-31 23:59:59.999999+00:00"
51,Howard,Reid,hreid1e@exblog.jp,"2025-09-02 10:15:40.600000-04:00,9999-12-31 23:59:59.999999+00:00"
52,Laura,Ferguson,lferguson1f@tuttocitta.it,"2025-09-02 10:15:40.600000-04:00,9999-12-31 23:59:59.999999+00:00"
53,Anne,Bailey,abailey1g@geocities.com,"2025-09-02 10:15:40.600000-04:00,9999-12-31 23:59:59.999999+00:00"
54,Rose,Morgan,rmorgan1h@ehow.com,"2025-09-02 10:15:40.600000-04:00,9999-12-31 23:59:59.999999+00:00"
55,Nicholas,Reyes,nreyes1i@google.ru,"2025-09-02 10:15:40.600000-04:00,9999-12-31 23:59:59.999999+00:00"
56,Joshua,Kennedy,jkennedy1j@house.gov,"2025-09-02 10:15:40.600000-04:00,9999-12-31 23:59:59.999999+00:00"
57,Paul,Watkins,pwatkins1k@upenn.edu,"2025-09-02 10:15:40.600000-04:00,9999-12-31 23:59:59.999999+00:00"
58,Kathryn,Kelly,kkelly1l@businessweek.com,"2025-09-02 10:15:40.600000-04:00,9999-12-31 23:59:59.999999+00:00"
59,Adam,Armstrong,aarmstrong1m@techcrunch.com,"2025-09-02 10:15:40.600000-04:00,9999-12-31 23:59:59.999999+00:00"
60,Norma,Wallace,nwallace1n@phoca.cz,"2025-09-02 10:15:40.600000-04:00,9999-12-31 23:59:59.999999+00:00"
61,Timothy,Reyes,treyes1o@google.cn,"2025-09-02 10:15:40.600000-04:00,9999-12-31 23:59:59.999999+00:00"
62,Elizabeth,Patterson,epatterson1p@sun.com,"2025-09-02 10:15:40.600000-04:00,9999-12-31 23:59:59.999999+00:00"
63,Edward,Gomez,egomez1q@google.fr,"2025-09-02 10:15:40.600000-04:00,9999-12-31 23:59:59.999999+00:00"
64,David,Cox,dcox1r@friendfeed.com,"2025-09-02 10:15:40.600000-04:00,9999-12-31 23:59:59.999999+00:00"
65,Brenda,Wood,bwood1s@over-blog.com,"2025-09-02 10:15:40.600000-04:00,9999-12-31 23:59:59.999999+00:00"
66,Adam,Walker,awalker1t@blogs.com,"2025-09-02 10:15:40.600000-04:00,9999-12-31 23:59:59.999999+00:00"
67,Michael,Hart,mhart1u@wix.com,"2025-09-02 10:15:40.600000-04:00,9999-12-31 23:59:59.999999+00:00"
68,Jesse,Ellis,jellis1v@google.co.uk,"2025-09-02 10:15:40.600000-04:00,9999-12-31 23:59:59.999999+00:00"
69,Janet,Powell,jpowell1w@un.org,"2025-09-02 10:15:40.600000-04:00,9999-12-31 23:59:59.999999+00:00"
70,Helen,Ford,hford1x@creativecommons.org,"2025-09-02 10:15:40.600000-04:00,9999-12-31 23:59:59.999999+00:00"
71,Gerald,Carpenter,gcarpenter1y@about.me,"2025-09-02 10:15:40.600000-04:00,9999-12-31 23:59:59.999999+00:00"
72,Kathryn,Oliver,koliver1z@army.mil,"2025-09-02 10:15:40.600000-04:00,9999-12-31 23:59:59.999999+00:00"
73,Alan,Berry,aberry20@gov.uk,"2025-09-02 10:15:40.600000-04:00,9999-12-31 23:59:59.999999+00:00"
74,Harry,Andrews,handrews21@ameblo.jp,"2025-09-02 10:15:40.600000-04:00,9999-12-31 23:59:59.999999+00:00"
75,Andrea,Hall,ahall22@hp.com,"2025-09-02 10:15:40.600000-04:00,9999-12-31 23:59:59.999999+00:00"
76,Barbara,Wells,bwells23@behance.net,"2025-09-02 10:15:40.600000-04:00,9999-12-31 23:59:59.999999+00:00"
77,Anne,Wells,awells24@apache.org,"2025-09-02 10:15:40.600000-04:00,9999-12-31 23:59:59.999999+00:00"
78,Harry,Harper,hharper25@rediff.com,"2025-09-02 10:15:40.600000-04:00,9999-12-31 23:59:59.999999+00:00"
79,Jack,Ray,jray26@wufoo.com,"2025-09-02 10:15:40.600000-04:00,9999-12-31 23:59:59.999999+00:00"
80,Phillip,Hamilton,phamilton27@joomla.org,"2025-09-02 10:15:40.600000-04:00,9999-12-31 23:59:59.999999+00:00"
81,Shirley,Hunter,shunter28@newsvine.com,"2025-09-02 10:15:40.600000-04:00,9999-12-31 23:59:59.999999+00:00"
82,Arthur,Daniels,adaniels29@reuters.com,"2025-09-02 10:15:40.600000-04:00,9999-12-31 23:59:59.999999+00:00"
83,Virginia,Rodriguez,vrodriguez2a@walmart.com,"2025-09-02 10:15:40.600000-04:00,9999-12-31 23:59:59.999999+00:00"
84,Christina,Ryan,cryan2b@hibu.com,"2025-09-02 10:15:40.600000-04:00,9999-12-31 23:59:59.999999+00:00"
85,Theresa,Mendoza,tmendoza2c@vinaora.com,"2025-09-02 10:15:40.600000-04:00,9999-12-31 23:59:59.999999+00:00"
86,Jason,Cole,jcole2d@ycombinator.com,"2025-09-02 10:15:40.600000-04:00,9999-12-31 23:59:59.999999+00:00"
87,Phillip,Bryant,pbryant2e@rediff.com,"2025-09-02 10:15:40.600000-04:00,9999-12-31 23:59:59.999999+00:00"
88,Adam,Torres,atorres2f@sun.com,"2025-09-02 10:15:40.600000-04:00,9999-12-31 23:59:59.999999+00:00"
89,Margaret,Johnston,mjohnston2g@ucsd.edu,"2025-09-02 10:15:40.600000-04:00,9999-12-31 23:59:59.999999+00:00"
90,Paul,Payne,ppayne2h@hhs.gov,"2025-09-02 10:15:40.600000-04:00,9999-12-31 23:59:59.999999+00:00"
91,Todd,Willis,twillis2i@businessweek.com,"2025-09-02 10:15:40.600000-04:00,9999-12-31 23:59:59.999999+00:00"
92,Willie,Oliver,woliver2j@noaa.gov,"2025-09-02 10:15:40.600000-04:00,9999-12-31 23:59:59.999999+00:00"
93,Frances,Robertson,frobertson2k@go.com,"2025-09-02 10:15:40.600000-04:00,9999-12-31 23:59:59.999999+00:00"
94,Gregory,Hawkins,ghawkins2l@joomla.org,"2025-09-02 10:15:40.600000-04:00,9999-12-31 23:59:59.999999+00:00"
95,Lisa,Perkins,lperkins2m@si.edu,"2025-09-02 10:15:40.600000-04:00,9999-12-31 23:59:59.999999+00:00"
96,Jacqueline,Anderson,janderson2n@cargocollective.com,"2025-09-02 10:15:40.600000-04:00,9999-12-31 23:59:59.999999+00:00"
97,Shirley,Diaz,sdiaz2o@ucla.edu,"2025-09-02 10:15:40.600000-04:00,9999-12-31 23:59:59.999999+00:00"
98,Nicole,Meyer,nmeyer2p@flickr.com,"2025-09-02 10:15:40.600000-04:00,9999-12-31 23:59:59.999999+00:00"
99,Mary,Gray,mgray2q@constantcontact.com,"2025-09-02 10:15:40.600000-04:00,9999-12-31 23:59:59.999999+00:00"
100,Jean,Mcdonald,jmcdonald2r@baidu.com,"2025-09-02 10:15:40.600000-04:00,9999-12-31 23:59:59.999999+00:00"
