{
  "pages": [
    {
      "id": "MRDGKtr",
      "grid": {
        "tiles": []
      },
      "showTitle": false
    }
  ],
  "owner": "demoUser",
  "listed": true,
  "name": "Dataiku-BYOM\u0027s default dashboard",
  "showGrid": true,
  "versionTag": {
    "versionNumber": 0,
    "lastModifiedBy": {
      "login": "demoUser"
    },
    "lastModifiedOn": 1683543235147
  },
  "creationTag": {
    "versionNumber": 0,
    "lastModifiedBy": {
      "login": "demoUser"
    },
    "lastModifiedOn": 1683543235147
  },
  "tags": [],
  "customFields": {},
  "checklists": {
    "checklists": []
  }
}